{"cameraMode":{"drawMode":0,"name":"Shaded","section":"Shading Mode"},"sceneLighting":true,"audioPlay":false,"sceneViewState":{"m_AlwaysRefresh":false,"showFog":true,"showSkybox":true,"showFlares":true,"showImageEffects":true,"showParticleSystems":true,"showVisualEffectGraphs":true,"m_FxEnabled":true},"in2DMode":false,"pivot":{"x":-3.090892791748047,"y":3.7401726245880129,"z":-1.516148567199707},"rotation":{"x":0.001120705739594996,"y":0.9840418100357056,"z":-0.17785444855690003,"w":0.006198909133672714},"size":4.614250183105469,"orthographic":false}